OrderID,Date,SalesPerson,Amount,Product,Region
1001,2023-01-05,Alice Smith,1.0,UNKNOWN,North
1011,2023-01-12,Bob Jones,700.0,Phone,South
1026,2023-01-30,Anna Bell,650.0,Phone,West
1021,2023-01-24,Caroline Li,750.0,Phone,South
1014,2023-01-17,Anna Bell,650.0,Phone,West
1016,2023-01-19,Bob Jones,690.0,Phone,South
1020,2023-01-23,Scott Rogers,880.0,Phone,North
1033,2023-02-06,Anna Bell,830.0,Phone,South
1028,2023-02-01,Carol Wang,900.0,Laptop,East
1029,2023-02-02,Scott Rogers,950.0,Phone,South
1002,2023-01-06,Bob Jones,700.0,Phone,South
1032,2023-02-05,Linda Moore,1150.0,Laptop,East
1008,2023-01-08,Linda Moore,1.0,UNKNOWN,North
1004,2023-01-07,Alice Smith,1100.0,Laptop,North
1023,2023-01-26,Anna Bell,690.0,Phone,West
1005,2023-01-08,Bob Jones,700.0,Phone,South
1012,2023-01-15,Carol Wang,820.0,Tablet,East
1006,2023-01-08,UNKNOWN,850.0,Tablet,West
1009,2023-01-10,James Wood,1200.0,Laptop,East
1013,2023-01-16,James Wood,1300.0,Laptop,North
1027,2023-01-31,UNKNOWN,830.0,Tablet,North
1031,2023-02-04,UNKNOWN,720.0,Tablet,West
1018,2023-01-21,Bob Jones,700.0,Phone,South
1034,2023-02-07,Bob Jones,1.0,UNKNOWN,West
